{"mae": 2889876.1922588153, "r2": -15.398029065620353}